level,GEO_ID,NAME,st,cnty,gini_est,gini_moe,md_cfm_inc_est,md_cfm_inc_moe,unins_ch_c_est,unins_ch_c_moe,unins_ch_est,unins_ch_moe,u5_fmpv_c_est,u5_fmpv_c_moe,u5_fmpv_est,u5_fmpv_moe,pub_ast_c_est,pub_ast_c_moe,pub_ast_est,pub_ast_moe,hc_brdn_c_est,hc_brdn_c_moe,hc_brdn_est,hc_brdn_moe,u5_pv_c_est,u5_pv_c_moe,u5_pv_est,u5_pv_moe,u18_2pv_c_est,u18_2pv_c_moe,u18_2pv_est,u18_2pv_moe,u5_fm185pv_c_est,u5_fm185pv_c_moe,u5_fm185pv_est,u5_fm185pv_moe,u6_2pv_c_est,u6_2pv_c_moe,u6_2pv_est,u6_2pv_moe,u6_pv_c_est,u6_pv_c_moe,u6_pv_est,u6_pv_moe,u5_ch185pv_c_est,u5_ch185pv_c_moe,u5_ch185pv_est,u5_ch185pv_moe,u6_apilf_c_est,u6_apilf_c_moe,u6_apilf_est,u6_apilf_moe,u5_fp185_est,u5_fp185_moe,u5_fp185_c_est,u5_fp185_c_moe,u6_1prt_est,u6_1prt_moe,u6_1prt_c_est,u6_1prt_c_moe
county,0500000US55001,"Adams County, Wisconsin",55,001,0.4181,0.0121,73906,8481,36,24.4131112314674,4.73061760840999,3.19080109153916,135,56.4977875673021,15.2887882219706,6.09994654974731,263,64,2.86617262423714,0.69062962048516,2540,223.022420397591,27.6809067131648,2.2408616113787,191,52.1536192416212,0.30173775671406,0.074815990812359,1277,167.624580536388,44.2787794729542,5.51026742283575,250,86.0639297266863,55.3097345132743,14.5103734056109,427,97.3806962390391,56.4814814814815,12.3717827527411,279,83.168503653727,36.9047619047619,10.7486906630803,394,93.8456179051531,52.1164021164021,11.9642883446183,425,79.9124520960282,59.9435825105783,10.4821819709936,55.011135857461,14.6344733919542,247,85.9185660960424,27.431421446384,7.86228544968622,110,39.8120584747888
county,0500000US55003,"Ashland County, Wisconsin",55,003,0.4447,0.0236,82933,15240,23,19.313207915828,2.17186024551464,1.81259289167748,119,59.0762219509677,10.9879963065559,5.22488861353563,104,58,1.51913526146655,0.846214881195905,1628,199.677239564253,23.7803096698802,2.84502696297463,176,66.7083203206317,0.207302709069494,0.0742229047183562,1530,234.557029312703,45.6035767511177,6.60710686400779,281,94.5938687230838,41.0818713450292,11.0897579117753,555,152.141381615917,53.831231813773,13.9348871436528,285,122.645831563898,27.643064985451,11.6315429738871,498,146.22927203539,48.3026188166828,13.4974214938211,614,126.352681016273,65.668449197861,12.1916808881322,41.0818713450292,11.0969649579299,281,94.6414285606467,28.9968652037618,9.64826872269193,185,72.4775827411483
county,0500000US55005,"Barron County, Wisconsin",55,005,0.4396,0.014,72351,7052,144,43.5660418215839,4.59770114942529,1.36122125918152,347,101.906820183931,10.5151515151515,2.94755028597182,464,161,2.4170443298432,0.837893874225041,4776,387.749919406826,24.8788873261447,1.98530502404964,485,112.445542374965,0.206382978723404,0.0447426155245803,4328,506.83725198529,44.1993464052288,4.99347122109655,788,163.297274931335,43.6323366555925,7.16921816175405,1576,317.417705870356,51.8080210387903,10.039406520024,857,223.635864744455,28.172255095332,7.18708109053807,1375,281.847476483292,45.2005259697567,8.92673113671197,2292,325.416655996585,77.4586008786752,10.0335947829241,42.5183512140034,7.29396881612224,753,161.127278882255,37.1635610766046,7.9809959002481,718,179.482589684905
county,0500000US55007,"Bayfield County, Wisconsin",55,007,0.4299,0.0138,77202,6580,25,14.2126704035519,2.96208530805687,1.67620554542632,89,33.5111921602321,9.13757700205339,3.31332291147504,164,38,2.17017334921265,0.499875997274327,1810,145.928064470135,23.951303427286,1.83473456428726,73,26.2488094968134,0.108955223880597,0.038334969045532,1039,132.582050067119,38.9138576779026,4.76946179937688,224,58.9151932866218,40.2877697841727,8.57724201619058,333,76.791926658992,39.9759903961585,8.98478629782783,198,57.0438427878067,23.7695078031212,6.7371793771661,311,75.683551713698,37.3349339735894,8.87890309335846,606,91.3783344124853,73.0120481927711,10.3392467628369,39.5264116575592,8.73176740560892,217,58.7026404857567,28.6713286713287,8.1807880181304,164,52.7825728815866
county,0500000US55009,"Brown County, Wisconsin",55,009,0.4351,0.0121,93933,2785,555,181.727818453862,2.85890897851955,0.933773693232867,1673,323.379034570889,7.9776834676458,1.50097469270263,2467,416,2.26131113881352,0.381140715656661,26533,1403.55334775704,24.3207816968542,1.28052415249046,2340,401.220637554949,0.148807631160572,0.0249213116338541,19487,1454.01891321949,31.6352538190555,2.28763061916054,3740,499.023045560022,31.7029753327117,3.61623657292736,6727,927.441103251306,35.2014652014652,4.77296976029316,3212,572.911860585902,16.8079539508111,2.96846837738449,6140,907.770345406811,32.1297749869178,4.68204836699258,13659,970.670386897633,72.8324624080196,4.80866515497794,30.1759251234942,3.49653834026971,3482,470.060634386672,28.1073446327684,3.34193448792027,3383,446.401164873032
county,0500000US55011,"Buffalo County, Wisconsin",55,011,0.3931,0.0111,87188,7942,28,14.8660687473185,3.29411764705882,1.72647758388086,67,34.3947670438397,6.78824721377913,3.39369508755567,91,48,1.62037037037037,0.853851881732737,1425,161.734350092984,25.3739316239316,2.81745461359968,76,28.6356421265527,0.119309262166405,0.0442963210209454,646,105.347045520983,24.7414783607813,3.84391012453534,144,46.0760241340331,25.3075571177504,6.94435159449375,217,52.3545604508337,26.271186440678,5.8851472117189,122,43.0232495285979,14.7699757869249,5.03774522282074,186,50.1597448159378,22.5181598062954,5.72772282514199,675,105.726061120237,83.2305795314427,10.6688207640747,25.3075571177504,6.94435159449375,144,46.0760241340331,24.0066225165563,6.54450800719211,145,45.0444225182208
county,0500000US55013,"Burnett County, Wisconsin",55,013,0.4502,0.0152,73750,10061,38,17.0293863659264,5.08701472556894,2.26192611674566,74,32.1403173599764,9.19254658385093,3.85447568691311,175,43,2.50393475461439,0.612675968446276,1731,141.255088403923,24.7674917727858,1.94301753152117,119,39.2045915678253,0.195081967213115,0.061692668875762,1298,151.759678439301,48.2527881040892,5.37055810817916,215,56.8770604022395,52.4390243902439,10.8498703604394,367,78.0256368125246,49.9319727891157,10.2620464252301,173,51.2932744129286,23.5374149659864,6.86010951843582,344,76.759364249582,46.8027210884354,10.128080548693,590,83.240615086627,81.3793103448276,10.4176587582569,50.6329113924051,10.809175648743,200,53.9536838408649,40.5940594059406,10.3930586560044,164,49.4873721266345
county,0500000US55015,"Calumet County, Wisconsin",55,015,0.4083,0.0156,113330,3753,6,8.94427190999916,0.188976377952756,0.281545507563616,206,90.6697303403953,4.58490985978188,1.98776883739735,300,116,1.44843568945539,0.559795368384654,4075,442.124416878326,19.674584781769,2.12169547944223,201,80.6225774829855,0.0768642447418738,0.0305199099978678,2489,371.32600232141,20.926517571885,3.06253070214165,479,133.082681067072,20.7809110629067,5.19312883811288,694,169.24538398432,21.9134827912851,5.28235299747388,446,140.13564856952,14.0827281338806,4.39417833572028,616,161.691063451262,19.4505841490369,5.05467555521496,2350,222.378056471406,75.8553905745642,6.60277147254943,19.3818984547461,5.22365708239775,439,130.042300810159,14.5491803278689,4.45967447460039,355,116.249731182485
county,0500000US55017,"Chippewa County, Wisconsin",55,017,0.4204,0.0178,93523,7193,193,66.6033032213869,4.62275449101797,1.58788769003526,395,149.682998366548,8.00405268490375,2.95870803760977,465,173,1.76631466990808,0.656893435686099,6361,576.195279397532,24.1624249791081,2.17451389882693,528,153.182897217672,0.154295733489188,0.0435860121791576,5460,600.778661405347,38.7508871540099,4.13211825411441,1033,224.762096448667,35.6822107081175,6.39860613170772,1763,328.432641495939,43.3169533169533,7.92883531700144,951,258.296341437505,23.3660933660934,6.29450983065254,1546,313.781771299736,37.985257985258,7.59648621996671,2983,359.590044356069,73.964790478552,8.52738491662138,35.2573018080668,6.46279129668217,1014,224.381371775823,23.5470941883768,5.4943581353256,705,183.34393908717
county,0500000US55019,"Clark County, Wisconsin",55,019,0.4118,0.0103,78443,5435,1165,125.936491931449,33.9254513686663,3.55915901161737,352,67.7347768875044,12.6255380200861,2.29465852529014,267,42,2.11083880148628,0.330460031411765,2658,189.728753751244,21.0135188552455,1.46491713568799,624,111.211510195663,0.231711845525436,0.0391154505173139,4369,346.153145298436,43.5332801913113,3.32473178462301,813,109.494292088675,44.0411700975081,4.68454159176761,1644,231.231485745346,49.3841994592971,6.72563062357913,981,198.227142440181,29.4683088014419,5.86379451921802,1528,228.411908621245,45.8996695704416,6.66894186983178,1662,163.829179330179,50.0150466445983,4.59914711820557,43.6442989634479,4.74322483619623,800,109.494292088675,17.7859391395593,3.46237322495219,339,70.8519583356734
county,0500000US55021,"Columbia County, Wisconsin",55,021,0.4023,0.0105,91350,4916,201,90.3382532485547,5.59109874826147,2.50041460506349,253,108.563345563777,5.94734367653973,2.50615624729998,732,198,3.04138274887818,0.821729866036799,5436,432.482369582854,22.5860063154396,1.77305950097597,396,135.723984615837,0.135942327497425,0.0456468242417491,3322,412.078875944885,27.6971819242955,3.36438606970454,653,163.015336701796,27.5295109612142,6.07204960131704,1131,257.602406821054,31.994342291372,7.18859768921876,640,219.704346793594,18.1046676096181,6.17823840924824,970,242.466492530411,27.4398868458274,6.78206034103215,2565,270.334977389164,72.7040816326531,7.14767341653846,26.0327022375215,5.95349531545709,605,155.547420422198,26.9793459552496,6.84293014202994,627,173.369547498977
county,0500000US55023,"Crawford County, Wisconsin",55,023,0.4248,0.0207,77750,7853,51,27.8028775489157,5.13595166163142,2.77822457942559,92,46.5080638169339,9.88184747583244,4.8505206156672,132,56,2.01711491442543,0.854287578123433,1584,161.195533436879,24.2053789731051,2.38926234176711,189,52.6307894677631,0.244818652849741,0.063145498213446,1318,197.195334630412,42.7090084251458,6.10616377661968,202,64.3816744112795,35.5633802816901,9.43508416175569,443,127.663620503259,45.6701030927835,12.8004406905138,257,112.062482571109,26.4948453608247,11.4155951401298,388,121.876987163287,40,12.2754027986742,659,111.897274318904,68.7891440501044,10.7072646046744,34.6428571428571,9.32319817822652,194,62.489999199872,32.3825503355705,9.30995126780781,193,64.1326749792959
county,0500000US55025,"Dane County, Wisconsin",55,025,0.4526,0.0092,121612,4353,677,208.338666598402,1.91372682044324,0.587923635717102,2210,519.659503906164,5.80845248107654,1.35047290779546,3593,493,1.49211583104581,0.204673232110461,73424,2251.39356843711,30.491820979323,0.929296961292185,2615,484.499742001995,0.0894996235197481,0.0164448858695659,25335,1714.27448210606,22.874400715079,1.51753117735509,4802,670.379743130712,20.93925783805,2.69862122072451,8022,1049.19683567956,22.7697198489966,2.94999496017537,4145,722.636838252798,11.7652067781215,2.04028657630997,7306,1014.39144318158,20.7374187505322,2.85520203969894,26440,1168.36723678816,75.6790794859318,3.06552877037567,20.2121105439183,2.67778898636742,4593,656.817326202651,21.2004695025701,2.60588052034652,5238,694.645952986124
county,0500000US55027,"Dodge County, Wisconsin",55,027,0.3908,0.0116,82691,4291,69,37.4833296279826,1.33591481122943,0.723640450675016,379,125.067981514055,5.66094100074683,1.82344698776513,807,208,2.26589919977538,0.583738073245745,8696,611.568475315725,24.4166783658571,1.70585547944971,541,154.029218007494,0.139468935292601,0.0389126707531814,5842,674.548738046407,34.3263411481286,3.83606292914669,1226,269.371490696399,34.0650180605724,6.48075964321783,2243,458.487731569777,44.833100139916,8.97455561321878,852,249.929990197255,17.0297821307216,4.94566155428347,1980,433.256275199794,39.5762542474515,8.50370843813513,3322,353.154357186769,67.6027676027676,6.62188955587391,33.5294117647059,6.73140203391653,1197,275.125425942424,30.5333998005982,6.4565945728664,1225,290.141344864878
county,0500000US55029,"Door County, Wisconsin",55,029,0.4647,0.0241,80849,7940,14,9.21954445729289,1.04633781763827,0.686132446556214,145,94.1169485268195,8.84685784014643,5.59914048682266,175,57,1.26435951159598,0.410096607450564,3687,424.410178954275,26.6382486814537,2.96202893165702,235,82.6619622317303,0.195996663886572,0.065196946535073,1641,280.128541923168,33.6615384615385,5.57477754746469,357,128.600155520901,34.0324118207817,10.5784116456011,527,142.565774293833,39.4166043380703,10.3572997650293,274,119.021006549264,20.4936424831713,8.803953668955,472,138.693907580686,35.3029169783097,10.1219231953225,773,134.149170701872,59.4615384615385,9.61341900783131,33.1400966183575,10.6455006697748,343,126.873953197652,22.4316682375118,10.0815555607192,238,113.652980603238
county,0500000US55031,"Douglas County, Wisconsin",55,031,0.4208,0.0119,89511,7149,147,83.7257427557379,5.95623987034036,3.3696786391373,137,60.5805249234438,5.1835035944003,2.21665902759006,535,167,2.82829350814126,0.881871449693108,4640,411.663697695097,24.5294988369634,2.14620646983312,220,88.5098864534352,0.111167256189995,0.043903178517398,2557,365.684290064531,30.4296084731643,4.11508173659792,368,99.503768772846,25.5024255024255,5.88099553022978,697,178.078634316417,28.7067545304778,7.0502136533901,345,123.170613378354,14.2092257001647,4.97323847451962,633,159.097454410811,26.0708401976936,6.29010211665436,1645,265.702841535427,68.4845961698585,9.94328900816053,23.0493915533286,5.7572778717842,322,92.7631392310545,26.007556675063,8.61502077153868,413,150.807824730682
county,0500000US55033,"Dunn County, Wisconsin",55,033,0.4289,0.0135,92500,5216,101,48.3735464897913,3.70778267254038,1.76795988004147,221,90.2274902676562,7.74351786965662,3.09428866372312,356,118,2.06293098452802,0.683212970909776,4608,394.389401480314,26.7022077997334,2.2567716861227,261,93.7229961108799,0.119669876203576,0.0423407759573612,2679,301.439877919296,31.1149825783972,3.37488243978855,558,143.812377770483,31.7045454545455,6.97687746908873,927,170.502199399304,34.3587842846553,6.18463904561427,589,142.260324757116,21.830985915493,5.20781225758909,891,169.749815905644,33.0244625648629,6.16656962641305,2022,199.384051518671,75.5605381165919,6.88342899214681,31.859410430839,6.9527394162717,562,143.885371042368,20.627802690583,5.27000212172871,414,117.239071985409
county,0500000US55035,"Eau Claire County, Wisconsin",55,035,0.4395,0.0162,104286,5462,467,185.064853497362,7.0204449789537,2.76916650747887,324,135.314448600288,4.75770925110132,1.96259561962631,813,168,1.91379675619689,0.394946323240859,10140,795.150300257756,23.8694945975848,1.85446847370864,426,160.589538887189,0.0795815430599664,0.0298001873969132,4801,599.826641622394,23.2482688489662,2.83067716414106,817,204.694894904587,22.968793927467,5.21444180998125,1659,350.19423182,25.3321117727897,5.26194808142201,715,232.984978056526,10.9176973583753,3.5338492689926,1446,325.963188105651,22.0797068254695,4.90770983598998,4768,487.320223261871,74.5699092899594,7.0124063849872,21.9595556821418,5.23733645128153,771,201.504342384972,21.6608304152076,4.56131087470491,866,204.421133936783
county,0500000US55037,"Florence County, Wisconsin",55,037,0.4367,0.0407,72330,18813,0,9,0,4.76190476190476,15,14.7986485869487,7.42574257425743,7.12576702703871,43,31,2.06532180595581,1.48656352632071,424,105.076162853427,20.3650336215178,4.97793011038151,27,18.3847763108502,0.156976744186047,0.104412682654495,227,62.9603049547888,32.0621468926554,8.55920423444589,27,17.1172427686237,23.2758620689655,12.8938592042432,60,31.890437438204,32.258064516129,16.9965119210754,32,25.3574446662119,17.2043010752688,13.5799023627969,58,31.7490157327751,31.1827956989247,16.9296542446887,102,31.5119025131775,58.9595375722544,17.150886552069,23.2758620689655,12.8938592042432,27,17.1172427686237,14.6067415730337,13.9519381854221,13,13.076696830622
county,0500000US55039,"Fond du Lac County, Wisconsin",55,039,0.4052,0.0138,97821,5027,128,79.2085853932514,2,1.23414309530439,485,199.145675323367,6.81658468025299,2.75620825325218,752,237,1.77492447129909,0.559056720982441,9340,648.185930115735,22.0449395770393,1.51130288905023,737,267.854438081582,0.144453155625245,0.0510420746937118,6208,779.608234948811,29.0514296410688,3.53331803923636,1240,273.377029027678,33.0402344790834,6.25239893784109,2197,473.256801324609,35.2535301668806,7.48070658236774,1190,372.244543277668,19.0949935815148,5.93103196184585,2050,452.993377435035,32.8947368421053,7.16583346583404,4809,503.120263952864,78.207838672955,7.57597027450038,32.4098977945132,6.27575340230792,1205,270.580856676891,29.4087001823392,5.89246409505799,1129,254.381603108401
county,0500000US55041,"Forest County, Wisconsin",55,041,0.4309,0.0197,70658,8986,42,23.8537208837531,6.86274509803922,3.86746570443269,74,24.9399278266799,12.9370629370629,4.01012740997188,134,39,3.59924791834542,1.03950120305997,869,98.4835011562851,23.341391351061,2.50832115268604,118,36.0693775937429,0.232741617357002,0.0659166971517722,769,112.867178577299,43.2508436445444,6.06501371366079,132,35.1425667816112,37.1830985915493,7.10972148911503,308,71.3652576538472,50.5747126436782,11.3306547968344,169,48.7237108603193,27.7504105090312,7.83063071392635,249,65.2073615476044,40.8866995073892,10.4309300256289,402,74.3639697703128,71.0247349823322,12.0350938436638,37.0056497175141,7.14233812486273,131,35.0856095856977,34.5132743362832,7.8540480739441,117,34.132096331752
county,0500000US55043,"Grant County, Wisconsin",55,043,0.4272,0.0159,87334,5556,587,113.863953909918,16.549196504088,3.15496308564997,338,94.1806774237688,9.4019471488178,2.52763427217539,353,86,1.7771736394301,0.432472235315267,4655,393.49205836967,23.4355334038161,1.96219244291634,612,116.931603940081,0.211764705882353,0.0384737953225587,3953,351.874977797513,37.1452734448412,3.2005709017063,700,115.719488419194,32.9566854990584,4.45657695824807,1477,209.709322634927,42.0797720797721,5.79584852285881,1031,180.194339533738,29.3732193732194,5.03289033666748,1382,203.66148384022,39.3732193732194,5.64133343888021,2289,242.975307387397,66.6763763472182,6.66227996475494,32.2872087494056,4.48821992619966,679,114.608027642046,24.0213523131673,5.08312907960415,540,126.455525778829
county,0500000US55045,"Green County, Wisconsin",55,045,0.4149,0.0121,90896,7232,168,85.0411665018772,6.91358024691358,3.48061261536361,142,65.1536645170477,4.94945974207041,2.23784108156484,356,95,2.28292933179428,0.608758191188597,3259,300.865418418269,20.8990637424651,1.91741342269433,215,77.7817459305202,0.118261826182618,0.0420469795983537,2494,324.5319706901,32.1019436220878,4.08293423870057,507,129.795993774847,34.5132743362832,7.5732856422299,905,210.16184239771,38.958243650452,8.80077406698404,378,127.349911660747,16.2720619888076,5.41175547291906,780,195.151223414049,33.5772707705553,8.204232766572,1729,197.587955098483,75.3376906318083,7.51451745333705,33.7465564738292,7.68103119945914,490,129.209132804148,27.8668310727497,7.28707910949793,452,129.730489862638
county,0500000US55047,"Green Lake County, Wisconsin",55,047,0.414,0.0149,75887,5617,190,48.91829923454,15.0316455696203,3.74766519284539,131,46.2601340248815,11.2349914236707,3.77499456233685,168,61,2.09345794392523,0.758506928469576,1879,196.007652911819,23.4143302180685,2.37872078442515,230,64.6374504447693,0.229540918163673,0.0605513162887026,1611,205.997572801235,40.18458468446,4.88919002634101,281,70.9365914038728,38.865836791148,7.02015406773489,564,121.610032480877,46.3434675431389,9.77065359259604,403,110.385687478042,33.114215283484,8.94600087207231,561,121.507201432672,46.0969597370584,9.76439542572707,762,122.09013064126,62.7160493827161,9.65423639846919,38.4401114206128,7.04770919096472,276,70.3633427290091,28.5549132947977,9.23187344077401,247,88.9213135305591
county,0500000US55049,"Iowa County, Wisconsin",55,049,0.4041,0.0138,113720,7308,90,32.649655434629,5.81771170006464,2.09127528484726,75,26.1916017074176,4.45632798573975,1.51262529873094,166,69,1.69474221541603,0.703665455908812,2255,246.854207985199,23.0219499744768,2.47990095475952,154,46.0977222864644,0.121069182389937,0.0355582397178158,1190,177.803262062314,23.3562315996075,3.41083465917669,217,61.0737259384099,26.0817307692308,6.42633015790353,412,100.900941521871,26.7185473411154,6.43011673019321,277,87.4642784226795,17.9636835278859,5.61320666042833,394,99.7797574661314,25.5512321660182,6.36599339287784,1103,117.1537451386,72.4228496388707,6.97964235597403,22.1518987341772,5.67617719551332,175,50.8232230382923,19.0205011389522,5.1365237220038,167,50.0499750249688
county,0500000US55051,"Iron County, Wisconsin",55,051,0.4114,0.0205,71389,5328,28,21.0237960416286,9.85915492957746,7.36250593611665,24,20.6155281280883,9.44881889763779,7.89850980600639,84,28,2.85617137028222,0.946684588326786,706,89.4594880378823,24.0054403264196,2.92095453817291,27,17.2046505340853,0.133004926108374,0.0832391830062838,334,57.1751694356912,38.3467278989667,6.18170323245015,75,28.3372546306095,38.4615384615385,11.3857798942696,88,27.4772633280682,32.5925925925926,9.75567675833883,45,21.6333076527839,16.6666666666667,7.87418208350715,73,25.1793566240283,27.037037037037,9.01069567923703,189,38.8072158238645,70.2602230483272,12.9933902173986,33.3333333333333,12.3991127608598,60,26.8700576850888,39.3939393939394,10.1365076423124,78,26.1151297144012
county,0500000US55053,"Jackson County, Wisconsin",55,053,0.4491,0.016,82697,7920,109,38.8973006775535,7.67065446868403,2.70686400245105,106,35.4541958024717,7.62589928057554,2.46106216457069,216,52,2.70337922403004,0.648884209377997,2213,231.155791621149,27.6971214017522,2.84721086019041,206,70.0071424927486,0.174872665534805,0.0579801863658015,1877,197.50949344272,42.456457814974,4.32904479048023,282,66.6633332499958,35.969387755102,6.91219052682738,650,121.107390360787,46.2962962962963,8.32934996346102,316,80.3616824114578,22.5071225071225,5.61900440493018,608,118.705517984633,43.3048433048433,8.19052919730193,900,133.195345264014,64.6551724137931,9.0159515096035,36.2134688691233,6.97125945557352,285,67.468511173732,30.4750869061414,6.17541379296468,263,62.8251541979803
county,0500000US55055,"Jefferson County, Wisconsin",55,055,0.4015,0.0135,93750,6527,108,71.0633520177595,2.0532319391635,1.34902937623098,358,139.194109070751,6.16072965066254,2.35559933565624,534,151,1.56589056360331,0.442500852177404,8304,646.246083160277,24.3504779778312,1.87867634600953,551,202.743680542699,0.135447394296952,0.0488819409458306,4720,550.733147722198,27.5878192764042,3.10212805097221,909,217.361450123981,30.1893058784457,6.29315987853861,1798,371.441785479232,34.7238315952105,7.03252359520347,930,298.221394269425,17.9606025492468,5.71270175680927,1557,340.683137240457,30.0695249130939,6.46433071789315,3871,391.254392946584,75.7237871674492,6.85352474813514,28.4547311095984,6.26337185190433,836,208.916251162996,27.8765201122544,5.59116473942533,894,201.796927627752
county,0500000US55057,"Juneau County, Wisconsin",55,057,0.4077,0.0206,80119,9412,23,17.8885438199983,1.44200626959248,1.11872617413002,148,62.83311228962,8.47166571265026,3.5168282082089,234,65,2.20796376674844,0.61128170680231,2593,220.111335464578,24.4668805434988,2.00164331732875,176,51.8652099195598,0.141252006420546,0.0407443130134207,1917,212.268697645225,37.2016301183776,3.83088758112028,356,88.9494238317483,38.3207750269107,7.98492242339602,611,115.086923670763,39.4957983193277,7.05883694688338,340,90.7028114227999,21.978021978022,5.71560196542872,583,113.154761278525,37.6858435681965,6.96265190782263,1122,147.394029729837,74.3046357615894,8.62192965854969,39.236479321315,7.91897944896847,370,90.2053213507939,36.1336032388664,7.39517880957108,357,85.7496355677387
county,0500000US55059,"Kenosha County, Wisconsin",55,059,0.4237,0.0101,89205,5764,736,309.181176658606,6.65280665280665,2.78759542165067,1179,346.949564057948,9.00756360302544,2.58706643732789,1913,371,2.86785098568323,0.555420323346074,19005,1065.92823398201,28.4911176073758,1.57167174924809,1680,412.043687004182,0.187082405345212,0.0442282122918991,11985,1092.57677075801,32.5316902364214,2.86873393640783,2693,492.700720519059,37.7541006589093,5.86671113814257,4393,726.132907944544,40.4586480014736,6.56858780466768,2978,612.629578130211,27.4267820961503,5.57761148650559,4268,721.931437187771,39.3074230981765,6.53595874419965,7535,656.863760607936,70.2367636092468,5.68843597710768,37.8064154643508,5.86731689481402,2699,493.314301434694,33.9872818292518,4.71289910003231,2512,420.487811951785
county,0500000US55061,"Kewaunee County, Wisconsin",55,061,0.392,0.0214,95034,6217,3,7.21110255092798,0.237717908082409,0.571115006192037,37,27.4772633280682,2.4025974025974,1.77208197716354,72,38,0.873044743543107,0.460405285974057,1517,175.914752081797,18.3945677215957,2.09747248906105,56,42.3792402008342,0.0541586073500967,0.0408489138070123,1459,283.031800333461,34.4347415624263,6.4866434326235,237,78.5938928925142,32.027027027027,9.33343977360911,498,147.966212359444,39.9358460304731,11.4858998274139,117,56.1515805654658,9.38251804330393,4.44823287452652,372,135.255314128503,29.831595829992,10.6158297172925,941,109.15585188161,76.8163265306123,6.45255473105559,31.8428184281843,9.36662449699439,235,78.5366156642875,13.7305699481865,4.82997128123761,106,40.1746188532013
county,0500000US55063,"La Crosse County, Wisconsin",55,063,0.4575,0.0132,99334,8128,371,142.835569799683,5.04350190320827,1.93315987953484,353,157.702251093635,4.3807396376272,1.93283085742477,697,167,1.38902728232926,0.332537642696109,13798,999,27.4975587397118,1.97305289910192,374,124.197423483742,0.0648967551622419,0.0214526746376964,5846,683.24812476874,25.1624843971937,2.87026098011138,1162,260.428493064795,26.3492063492064,5.17258565807797,2144,402.615200905281,29.4101508916324,5.4191730050371,799,237.170824512628,10.960219478738,3.22906948115758,1733,342.279125860751,23.7722908093278,4.6155876472065,5129,478.269798335626,70.8425414364641,6.05036099661474,26.5988700564972,5.15857155651478,1177,261.195329207856,29.9196787148594,6.45261883228249,1490,358.371315816431
county,0500000US55065,"Lafayette County, Wisconsin",55,065,0.4096,0.0124,87010,5399,219,51.8555686498567,17.3671689135607,4.05818821666787,103,34.5687720348872,8.41503267973856,2.73913402714046,100,30,1.50330727600722,0.450582896707044,1537,130.862523283024,23.1058328322309,1.94498404605457,145,40.3112887414927,0.137180700094607,0.0372423112824822,1571,207.622253142576,39.5220125786164,5.11119605943274,256,54.561891462815,32.6114649681529,5.93607740890825,535,100.518654985033,42.8685897435897,7.92411917756608,279,76.5636989702039,22.3557692307692,6.08860415194254,446,91.7769034125689,35.7371794871795,7.25490497388353,840,99.9599919967984,68.0713128038898,7.7283033759479,32.4393358876118,6.06958907693954,254,55.3624421426656,23.8509316770186,5.88028771271822,192,51.9037570894439
county,0500000US55067,"Langlade County, Wisconsin",55,067,0.4381,0.0215,78859,18915,47,35.4682957019364,3.99659863945578,3.00384004725343,111,63.2455532033676,10.2587800369686,5.58450383690623,196,108,2.32144972166292,1.27681401934594,1700,270.822820308777,20.1350230960559,3.13636854772651,154,76.0591874792257,0.147651006711409,0.0713536135601106,1466,313.236332503112,39.5468033450229,8.18182348283044,248,102.269252466223,31.1166875784191,10.8622310644489,485,172.939295708061,42.1372719374457,14.7721297492894,265,138.039849318956,23.0234578627281,11.8988338432842,386,163.275840221387,33.5360556038228,14.0162397057207,749,162.388423232692,66.4596273291926,13.7322205103207,30.7692307692308,10.954353347725,244,102.190997646564,27.8645833333333,10.3167187643859,214,92.0108689231875
county,0500000US55069,"Lincoln County, Wisconsin",55,069,0.4141,0.0153,84329,5255,110,56.7274184147313,7.06033376123235,3.61221857820601,178,76.0197342799881,10.8075288403157,4.47542695580882,294,100,2.40471127106167,0.816531363999416,2874,299.974998958247,23.5072795681335,2.40868632499196,204,86.2148479091624,0.156923076923077,0.064264082100117,1898,285.340147893703,38.3202099737533,5.57819186577901,429,113.538539712293,44.2724458204334,8.66459468918762,700,187.624625249459,45.3074433656958,11.8537218977768,316,117.630778285277,20.453074433657,7.51984185682408,638,176.371766448034,41.294498381877,11.1593267392436,1019,155.23208431249,67.9333333333333,9.53158673655878,41.8103448275862,8.68067385672991,388,106.990653797423,31.3653136531365,10.2200006615529,255,94.0850678907126
county,0500000US55071,"Manitowoc County, Wisconsin",55,071,0.4139,0.0112,84074,3115,131,56.8506816142076,2.63793797825211,1.1373806054422,453,171.915677004746,7.79556014455343,2.9007235347528,467,135,1.33964429145152,0.386923633027104,6992,506.513573362057,20.057372346529,1.43256265786106,569,184.024454896625,0.142928912333585,0.0454989475640309,5970,697.420246336454,36.6527504911591,4.14796131318051,958,218.236110669156,31.0032362459547,6.15093745845668,1916,398.493412743548,39.2542511780373,7.94811559835109,1051,283.693496576851,21.5324728539234,5.72138018929101,1534,323.995370337294,31.4279860684286,6.46761938693108,3590,429.652184912401,74.5122457451225,8.11555966252119,30.3950375448906,6.17329960685641,931,216.16428937269,31.2719158431623,6.74951887882296,981,236.883937826101
county,0500000US55073,"Marathon County, Wisconsin",55,073,0.425,0.0121,94132,2924,424,96.150923032491,4.58081244598099,1.03165973409034,690,218.426188906001,6.51312063432131,2.03271467254847,987,261,1.74739749309539,0.461912032558939,12192,802.616346706196,21.5848735925218,1.41271679351865,790,166.291912010176,0.103281474702575,0.0214195999223352,8475,788.011421237028,27.9573794286468,2.52813045105374,1808,326.003067470231,30.1032301032301,4.84218215508776,2859,526.711495982383,31.5006610841781,5.73165778590253,1303,257.569408121384,14.3565447333627,2.8074935643845,2316,348.425027803687,25.5178492728074,3.76763487977643,6850,473.719326183765,75.724076940084,4.76689390582441,30.1497504159734,4.83287437611171,1812,325.757578576462,23.9102768055998,4.54023426322764,1503,309.349317115781
county,0500000US55075,"Marinette County, Wisconsin",55,075,0.4148,0.0191,72301,3875,10,21.9317121994613,0.407331975560081,0.892875279298421,232,98.8635423197045,8.91621829362029,3.66310238416237,405,99,2.18105444558135,0.531175071927549,3877,408.820253901394,20.878884161775,2.15751482681426,308,116.777566338745,0.171492204899777,0.0625414525575132,3038,441.015872730223,40.1798703875149,5.56208450141014,605,161.92590898309,41.6666666666667,8.38520031416874,1040,316.66228067138,45.0997398091934,13.2627585016994,503,242.171426885997,21.8126626192541,10.3597287407952,977,313.154913740787,42.3677363399827,13.1618833146908,1356,204.269429920387,60.3202846975089,7.59336793447232,39.5431834403997,8.54223820323189,554,155.833244206748,32.8239202657807,7.93067147000117,494,142.274382796061
county,0500000US55077,"Marquette County, Wisconsin",55,077,0.4062,0.0147,74680,12227,33,17.464249196573,3.91459074733096,2.0596108644155,44,24.3310501211929,4.82985729967069,2.61822598254456,293,79,4.28989751098097,1.1539079330063,1710,137.444534267464,25.0366032210835,1.95777533531525,73,26.2488094968134,0.107828655834564,0.0379288521147943,1140,140.819032804518,39.2156862745098,4.6404447369034,180,51.7493961317425,38.5438972162741,9.19998059658346,308,68.8839603971781,38.2133995037221,8.26344472303745,112,40.3236903073119,13.8957816377171,4.93968194449053,294,67.2309452558864,36.4764267990074,8.07735179414344,554,76.2430324685476,71.3917525773196,8.68178473123001,37.6086956521739,9.36267429267785,173,51.4003891035856,31.4159292035398,7.53124954898128,142,40.9145450909576
county,0500000US55078,"Menominee County, Wisconsin",55,078,0.4323,0.0512,42917,9774,141,67.6239602507869,32.4137931034483,15.0724314737922,66,38.2883794381533,20.1219512195122,10.1050387390464,20,18,1.53022188217292,1.37094286289519,231,70.9436396021518,17.6740627390972,5.21239932769847,97,39.6610640301039,0.277142857142857,0.100415369908956,731,161.117969202693,53.2798833819242,10.850211232157,140,58.6770824087224,59.8290598290598,14.9208742944592,230,95.2312973764403,53.3642691415313,21.1365849344559,162,81.2157620169878,37.5870069605569,18.2897502871479,230,94.8050631559306,53.3642691415313,21.0331828558759,335,96.3742704252541,79.9522673031026,20.9289080482298,59.8290598290598,15.108302023714,140,59.0846849868898,75.625,14.6253797693748,121,50.4678115237822
county,0500000US55079,"Milwaukee County, Wisconsin",55,079,0.4729,0.0057,63479,2269,1696,544.031249102476,2.31652848537828,0.742486477307542,11027,909.101204487157,17.7562719397121,1.34411858131783,9562,811,2.45653787954692,0.208183377311267,141449,3020.86725957961,36.3391368462698,0.766173308205262,15908,1132.11306855808,0.261950633140674,0.017313307687369,111036,3626.35946921978,50.8585902538899,1.56511216047032,20998,1234.3338284273,48.51775687978,2.19016945352732,37747,2256.63288994909,52.5153732713765,3.05934163593928,23928,1748.79672918267,33.289740949943,2.39160496175675,34671,2110.06919317827,48.2358997189683,2.86330641729719,51295,2220.64427588031,72.9057107933711,2.95737648468889,48.2979463974939,2.19400246327596,20814,1228.95768844985,46.9272237196766,2.09166558952929,20892,1233.92949555475
county,0500000US55081,"Monroe County, Wisconsin",55,081,0.4076,0.0128,82652,8519,456,102.591422643416,13.5311572700297,2.97339732743738,321,119.235061957463,9.64543269230769,3.48831559216658,273,96,1.51734104046243,0.533130092058103,4115,420.856270002004,22.8712761227212,2.31620352358909,516,133.405397192168,0.181179775280899,0.0447173215240101,4635,505.300900454373,40.5547291976551,4.25398539816587,640,161.37533888423,36.5088419851683,7.73431991624975,1337,268.117511550439,40.3805496828753,7.9311590299746,904,238.415603516213,27.302929628511,7.11542568479344,1268,265.116955323495,38.2965871337964,7.85572050746695,2054,305.072122620209,62.8518971848225,8.97234351767368,35.7761107905366,7.7984946663434,620,159.868696122787,27.564825253664,7.7796721687517,489,150.36954478883
county,0500000US55083,"Oconto County, Wisconsin",55,083,0.3901,0.0128,90733,5421,37,25.4950975679639,1.66816952209197,1.14637245556742,79,40.2740611312045,3.06915306915307,1.53711763808387,254,88,1.55465785285837,0.538100223102355,3369,289.216182119881,20.6206390011017,1.74208558977651,86,33.2866339541865,0.0499129425420778,0.0191564640192731,2399,296.757476738161,32.2056651899584,3.78774797478292,333,80.8022276920631,24.2534595775674,4.79478298144961,560,123.729543763808,26.4150943396226,5.62464238034549,198,58.5832740635072,9.33962264150943,2.70793558983687,512,119.783137377512,24.1509433962264,5.46776119864625,1641,173.896520954273,78.6673058485139,6.87554371480276,24.0875912408759,4.91462562608323,330,81.9084855189009,19.6416264645072,4.49204592492157,285,75.657121277511
county,0500000US55085,"Oneida County, Wisconsin",55,085,0.4529,0.0186,90660,10459,31,23.7697286480094,1.63157894736842,1.24735187610945,163,78.7337284776988,8.25734549138804,3.89385978948629,124,45,0.755314612901261,0.273218761426031,3777,368.817027806472,23.0066394590973,2.14392475646847,232,87.4585616163449,0.145911949685535,0.0535468060915616,1934,311.507624304767,30.143391521197,4.65696265704902,381,127.988280713509,38.7589013224822,10.9756273278551,695,203.105883715859,37.3054213633924,10.6429468179384,482,170.126423579643,25.8722490606549,8.98361595699347,643,192.758916784672,34.5142243692968,10.1131158664505,1402,215.318368933076,75.7837837837838,10.5306131216619,38.2564102564103,11.0653031143414,373,127.424487442563,23.4653465346535,9.52781757490683,237,104.484448603608
county,0500000US55087,"Outagamie County, Wisconsin",55,087,0.4441,0.0376,104811,4222,384,142.003521083106,2.78341548274862,1.02746689193826,787,188.369318096127,5.05556626196441,1.18587397646317,931,192,1.21467526028756,0.250421283765545,15528,841.013079565354,20.2593742661065,1.09211228974183,1114,231.490820552349,0.100197877316064,0.0206067907072423,9951,771.783648440416,22.9285714285714,1.73702142530041,1889,302.897672490232,22.2523265402285,3.14971271120844,3513,473.193406547471,25.7664661874725,3.4162454072998,1809,340.988269592958,13.2682998386387,2.48105859228111,3129,443.494081132996,22.949977996186,3.20680708167675,10278,709.415252161948,75.8860011813349,4.90487308181898,23.0589881091163,3.24184460568539,1978,315.426695128995,23.0235042735043,3.0561789716437,2155,321.294257651767
county,0500000US55089,"Ozaukee County, Wisconsin",55,089,0.4773,0.0116,137571,12253,217,144.544110914281,3.77654020187957,2.51168770481696,184,89.8832576178679,2.44583277947627,1.18210037787713,465,171,1.24072789369764,0.456114582435095,9449,781.276519549897,25.2121244463419,2.07074693996042,209,91.9347594764896,0.0463003987594152,0.0202959367615307,3589,600.359892064751,18.7787777312683,3.09272129253728,725,257.322754532125,21.0084033613445,7.0025079509055,1117,286.932047704679,19.8648408322959,5.04219863506227,529,204.359976512036,9.407789436244,3.6153290401686,971,274.052914598623,17.2683620842966,4.82586480201996,3907,394.908850242686,71.8462670099301,6.25695807114155,20.6404657933042,7.03278892635476,709,256.692422950114,20.947265625,5.74678385275613,858,251.352342340389
county,0500000US55091,"Pepin County, Wisconsin",55,091,0.4197,0.0241,87589,10762,51,28.1780056072107,9.71428571428571,5.31747557796765,48,27.9642629082191,7.72946859903382,4.40052899383167,38,20,1.23456790123457,0.64895985560228,614,85.0117638918285,19.9480181936322,2.71156925941488,69,31.0644491340181,0.173803526448363,0.0762004225477212,483,104.728219692688,30.5116866708781,6.40161814165686,115,55.7135531087365,37.7049180327869,16.2734684970549,211,73.3212111192934,40.6551059730251,13.858812479135,132,50.3388517946129,25.4335260115607,9.54634409088867,204,72.9863000843309,39.3063583815029,13.8107940994123,398,84.2140130857092,78.968253968254,15.6123484261736,38.7096774193548,15.9676020716017,120,55.937465083788,29.6187683284458,9.65475420295413,101,36.9052841744919
county,0500000US55093,"Pierce County, Wisconsin",55,093,0.3996,0.0161,107724,5095,36,22.2036033111745,1.49068322981366,0.915605825935689,173,90.9175450614456,5.97788527988943,3.09892006089269,400,121,2.52254524815539,0.762016175422355,3817,389.070687664851,24.0713880305228,2.4236164669574,154,71.386273190299,0.0767314399601395,0.0352850106981715,1992,330.675067097597,23.5600236546422,3.8189910113928,449,138.845237584874,27.8018575851393,7.57929657724422,733,208.57372797167,30.5926544240401,8.54536495886568,269,137.062029752955,11.2270450751252,5.68792678539654,665,200.054992439579,27.754590984975,8.21262095367322,1678,185.784821769702,70.3269069572506,6.77840408671657,27.6225946617008,7.63264537942746,445,139.161776361183,25.9387637203928,6.25881019946105,449,125.419296760905
county,0500000US55095,"Polk County, Wisconsin",55,095,0.4014,0.0101,88385,3842,96,38.6005181312376,3.72815533980583,1.4928950371616,112,43.7949768809164,3.71845949535193,1.430488875906,366,73,1.97474910974425,0.393039759157653,4388,313.893293971056,23.6754073594475,1.66562852382383,158,50.2493781056045,0.076661814653081,0.0242036228471193,2720,289.115893717381,30.3503682213792,3.12909344958791,367,74.7194753728906,25.4861111111111,4.35728945006796,745,127.655787177864,29.3307086614173,4.92201428226305,269,75.6703376495705,10.5905511811024,2.9564657720103,680,122.764001238148,26.7716535433071,4.74339540082942,1964,178.594512793647,77.7206173328057,6.50282955849607,24.9125262421274,4.05875285885544,356,69.9571297295708,27.3358585858586,5.3325027513864,433,93.9414711402797
county,0500000US55097,"Portage County, Wisconsin",55,097,0.4166,0.0166,97805,5943,137,74.6525284233562,3.33902022910066,1.81128077995774,315,144.111068277215,7.00311249444197,3.15548010590085,1046,252,3.56862611306336,0.859093302647661,6456,493.329504489646,22.0258605984102,1.67035213969026,377,113.216606555752,0.121299871299871,0.0357041152437193,3309,435.989678776918,25.5679184051924,3.28340602978506,684,194.056692747249,27.1105826397146,6.84822868227051,1093,283.379604064936,27.621935809957,7.00394197686804,617,170.625320512519,15.5926206722264,4.22872627129467,1033,277.991007048789,26.105635582512,6.88197206168043,2826,342.533210068747,71.7623158963941,7.76578956421146,26.3221153846154,6.9011998691502,657,192.307046152761,25.9504708754796,6.41995484911081,744,205.265681495958
county,0500000US55099,"Price County, Wisconsin",55,099,0.423,0.0157,71767,7086,22,15.2643375224737,3.10734463276836,2.14969426511087,127,45.2658811910251,15.2095808383234,5.16091854263643,135,36,2.03619909502262,0.541080610450299,1573,154.434452114805,23.7254901960784,2.26831948256926,207,50.9901951359279,0.36443661971831,0.0776756667749894,1217,152.757978515035,48.9738430583501,5.9067985117422,247,58.3523778435806,54.0481400437637,9.03113099670092,461,96.0260381354974,66.235632183908,13.3647137703432,357,90.2330316458446,51.2931034482759,12.690145049044,451,95.5039266208463,64.7988505747127,13.3061986401806,432,89.2748564826626,63.3431085043988,12.6310174966634,52.1640091116173,9.32912902553844,229,56.6480361530742,35.2941176470588,8.81219164379844,180,52.820450584977
county,0500000US55101,"Racine County, Wisconsin",55,101,0.4345,0.013,77474,8124,356,152.712147519443,2.58551819304234,1.10672339181084,1508,362.616877709794,10.7292778370687,2.49947141792465,2013,396,2.5448798988622,0.500347091361419,21560,1164.42131550397,27.2566371681416,1.4609293926877,2100,382.561106230103,0.191013279970893,0.0334790296588949,16460,1320.10113248948,37.0645589857912,2.85923878595043,3323,523.634414453443,40.9842131228416,5.18078712395224,5507,763.615086283659,41.0388255458678,5.54580887874965,3032,565.609405862385,22.594828228631,4.15609563202044,4981,732.133184605096,37.119010358447,5.33261662062325,9658,730.896025437271,73.5567402894136,5.07570342922207,39.0678721507704,5.11709866028422,3068,495.976813974202,39.3964399387009,4.64060499411368,3342,490.77387868549
county,0500000US55103,"Richland County, Wisconsin",55,103,0.4194,0.0148,78393,12442,182,58.7281874401041,17.8082191780822,5.64519453117542,152,55.6506963119061,13.3333333333333,4.57414998177935,104,37,1.44524735964425,0.512756568445122,1600,178.406838433957,22.2345747637576,2.40873986940106,181,42.6380112106557,0.227101631116688,0.0494776918635168,1563,212.75572847752,44.4160272804774,5.75816372499065,235,63.2771680782255,35.2852852852853,7.44722314420665,449,90.4046458983165,45.7230142566192,8.74186025779027,281,71.4072825417688,28.6150712830957,7.04360843235209,417,88.7918915216925,42.4643584521385,8.63531873382132,505,97.0257697727774,52.1694214876033,9.44996596550573,34.9924585218703,7.50367819303197,232,63.1822759957253,29.8682284040996,10.5336625231246,204,79.4166229450737
county,0500000US55105,"Rock County, Wisconsin",55,105,0.402,0.0092,82149,4243,292,103.237590053236,2.50149918615609,0.880243810698714,885,209.549516821204,7.46394534873914,1.71304094178969,1534,278,2.30888484173452,0.418135296876354,16643,973.543013944428,25.0500459067716,1.45541866874253,1274,259.824941066096,0.137210554658051,0.0273894621674088,12222,1038.48158385212,33.6601487193611,2.7428178427558,1958,316.970030129033,30.3848541278709,4.16004087202288,3816,572.37575070927,33.6004226468258,4.92473803031596,2026,431.323544453581,17.8392181033724,3.75505698922665,3541,557.183093785158,31.1790085409879,4.80436357989964,8150,706.985855586942,73.3441324694024,5.85276069255662,31.0376633358955,4.20033461603094,2019,323.936722215929,31.8089725036179,4.59783859477662,2198,365.807326334506
county,0500000US55107,"Rusk County, Wisconsin",55,107,0.3962,0.0138,66875,11083,48,30.364452901378,5.26893523600439,3.31938807589526,91,34.4963766213207,9.9236641221374,3.51344320223817,93,32,1.50242326332795,0.515483777663405,1345,131.491444588612,21.7285945072698,2.04769731705854,157,43.5660418215839,0.20712401055409,0.0548050241620291,1324,159.342398626354,47.4212034383954,5.46727426951581,284,78.8606365685695,53.5849056603774,11.0734338304401,572,113.048662088501,63.6971046770601,12.1394830518067,256,68.5419579527752,28.5077951002227,7.4854798250624,482,104.134528375559,53.6748329621381,11.2508482847446,604,92.4337600663308,67.7890011223345,9.73840202273455,51.6699410609037,11.5016769923382,263,77.0064932327138,35.2941176470588,10.2320559574823,192,65.3069674690228
county,0500000US55109,"St. Croix County, Wisconsin",55,109,0.3938,0.0169,121856,6496,153,64.4437739428721,2.32381530984204,0.975403109849181,300,119.452919595965,3.69139904023625,1.44434582196651,419,124,1.16375958226864,0.344170636868053,8125,659.397452224377,22.5669370069992,1.81472989177876,358,105.361283211624,0.0675854257126676,0.0197687249925947,3601,540.11202541695,16.1407440609592,2.38499152274577,790,228.565089197804,18.3934807916182,4.973479435924,1276,350.384074980585,19.5047386120453,5.31777753342221,535,166.541286172528,8.17792723937634,2.53162964834161,1104,323.33264604738,16.875573219199,4.91148740681032,5233,425.695900849421,80.5944863699369,5.96046227216898,17.5682031984948,4.96358407550705,747,224.770994570029,17.1453249838048,3.70678964966464,794,188.928557926006
county,0500000US55111,"Sauk County, Wisconsin",55,111,0.4068,0.0145,93481,6374,260,82.2192191643779,5.54489230113031,1.73777771160003,284,88.7693640846886,5.8860103626943,1.78756752318078,761,177,2.78621901658551,0.647250951639563,6786,521.074850669268,24.8453117563065,1.88628741322763,406,107.517440445725,0.112340896513558,0.0292328948572233,4213,478.566609783842,29.2062391681109,3.21707518971962,761,153.101273672037,28.7278218195546,4.88527119750429,1305,222.591554197368,28.7825319805911,4.74066945519635,640,154.165495491047,14.1155712395236,3.34213093716712,1121,190.583315114414,24.7243052492281,4.05800629782426,3269,279.336714378902,73.7756714060032,5.25671564118929,29.2088488938883,4.89884042163737,779,155.048379546514,24.7446457990115,5.21698260677746,751,175.291186315799
county,0500000US55113,"Sawyer County, Wisconsin",55,113,0.4547,0.0231,72386,10248,59,42.7200187265877,6.09504132231405,4.39521680261581,88,61.057350089895,9.17622523461939,6.21443759422327,141,58,1.71741778319123,0.704669372722576,2050,206.826013837718,24.9695493300853,2.41113209841954,65,34.5398320783411,0.0848563968668407,0.0445254750188164,1351,206.404941801305,42.9161372299873,6.26556167736435,232,81.5843122174846,34.0175953079179,10.007247076724,453,113.340195870662,47.9365079365079,11.4715855354212,131,59.2283715798434,13.8624338624339,6.18528182266375,393,99.6493853468249,41.5873015873016,10.0982454843272,713,115.42096863222,77.4158523344191,10.9739267914233,34.7826086956522,9.91789227568899,240,82.3893196961839,40.0597907324365,12.1681366414635,268,95.8070978581441
county,0500000US55115,"Shawano County, Wisconsin",55,115,0.4286,0.0182,78969,6050,173,82.7103379270089,6.84064847765916,3.2525636777646,224,74.6391318277484,7.968694414799,2.59894997290445,328,83,1.96961508436918,0.497084303888357,3675,287.407376384114,22.0680958385876,1.6772244710544,317,87.3212459828649,0.1521113243762,0.0404997301716749,3180,326.076678098879,38.09752006709,3.76826591358658,483,96.6747123088556,36.1256544502618,5.84526879053801,1100,207.713745332368,45.137464095199,8.31132656935126,402,107.935165724615,16.4956914238818,4.37487321450818,858,168.110082981361,35.2072219942552,6.73900850550369,1707,206.02427041492,72.8553137003841,7.96221197571299,36.5998515219005,5.8138687610264,493,97.3344748791506,31.0188679245283,5.68496085699874,411,88.5155353596192
county,0500000US55117,"Sheboygan County, Wisconsin",55,117,0.4071,0.0098,87211,3604,96,48.91829923454,1.23250738220567,0.626644268458828,426,148.42506526864,5.44896392939371,1.86584126711684,780,298,1.59070052003671,0.60760215443372,10353,704.525372147803,21.1134903640257,1.42728501266869,616,201.18896590022,0.0990512944203248,0.0319925139142324,8114,793.701455208443,32.2739747822282,3.08112129994249,1041,216.771769379687,24.0638002773925,4.424852020905,2333,430.765597512151,30.1616031027796,5.50438609154185,1092,305.386640179298,14.1176470588235,3.92819836105575,2144,414.852986008297,27.7181641887524,5.30665091579474,5968,498.086337897357,77.7893639207508,6.16742896616184,22.92351008916,4.44944783308901,977,212.748678021745,24.8569737620833,4.20712699868977,1260,241.878068455989
county,0500000US55119,"Taylor County, Wisconsin",55,119,0.4236,0.0168,79545,8259,116,32.5576411921994,9.18448139350752,2.55119132214804,54,19.5448202856921,4.03889304412865,1.41995312647926,206,62,2.65669331957699,0.797361752954648,1851,177.960669812181,23.8715501676554,2.23169236274214,126,36.6196668472011,0.118088097469541,0.033813797899683,1822,221.515236496274,40.0703760721355,4.68615468505712,246,55.9285258164383,37.0481927710843,6.65590845816175,511,97.3087868591527,41.3096200485044,7.71506543752251,228,57.5065213693195,18.4316895715441,4.59806468627548,477,94.7892398956759,38.5610347615198,7.52746737583954,717,102.142057938931,58.578431372549,8.04931749860172,35.1937984496124,6.50489553927799,227,52.6972485050216,21.25,6.44804037917299,136,44.9444101084885
county,0500000US55121,"Trempealeau County, Wisconsin",55,121,0.398,0.0116,88182,6856,142,60.0832755431992,5.70510245078345,2.4079324670137,134,46.4219775537406,5.98481464939705,2.03278871630981,112,22,0.905416329830235,0.177606539762426,2878,229.128784747792,23.2659660468876,1.83682780918234,179,48.4148737476408,0.0849549121974371,0.0228099183975584,2729,348.796502276041,35.9078947368421,4.46751172633227,375,78.4028060722319,30.8896210873147,5.69420194090906,948,220.873266829646,38.9802631578947,8.97674619530508,485,153.892819845502,19.9424342105263,6.28841162521514,822,211.697897958388,33.7993421052632,8.62223820458707,1444,174.447699898852,59.7682119205298,6.90754802014144,30.0250208507089,5.68752904884112,360,76.9610290991486,21.6470588235294,4.04467507089362,276,57.6974869470066
county,0500000US55123,"Vernon County, Wisconsin",55,123,0.4156,0.0115,84236,6918,788,104.690018626419,32.0585842148088,4.11035718842524,260,61.3351449007826,11.5350488021295,2.57526803476531,229,96,1.90976565757652,0.800016246417071,2829,253.523174483123,23.5926945208907,2.08025659214385,581,110,0.28135593220339,0.0486697602573755,3384,338.375531030245,43.0096593797661,4.15837627640355,522,90.592494170323,41.76,5.50950992077372,1265,205.499391726594,52.4026512013256,8.29068399100256,829,175.781113888836,34.3413421706711,7.17081999175937,1176,199.070339327585,48.7158243579122,8.04852688763163,1179,139.201293097442,49.1045397750937,5.49080110855486,41.0526315789474,5.5030885694752,507,88.9831444712986,19.5718654434251,4.74508307988202,256,67.6017751246223
county,0500000US55125,"Vilas County, Wisconsin",55,125,0.4423,0.019,77243,6695,86,55.8659108938537,7.97773654916512,5.14475049268319,54,36.3455636907725,5.14285714285714,3.38508217915292,160,51,1.50220636559947,0.476547094747033,2443,237.976889634267,22.936813444747,2.11756289547769,89,51.8652099195598,0.0981256890848953,0.0566241908133841,1540,252.029760147487,41.3090128755365,6.40279346227983,195,60.4814021001498,32.0197044334975,7.66418966508349,402,116.017240098185,37.9603399433428,10.5925707044122,196,81.1295260678873,18.5080264400378,7.53869634460066,390,115.394973894013,36.8271954674221,10.5535907252712,677,124.358353157317,66.177908113392,11.0298173634681,30.7692307692308,7.77453378870576,184,59.2790013411157,20.1342281879195,6.0970238670682,120,42.8835632847831
county,0500000US55127,"Walworth County, Wisconsin",55,127,0.4389,0.0108,92415,5435,187,72.6704891960967,3.32740213523132,1.28937640523651,461,137.549990912395,6.38592602853581,1.8407049818023,554,208,1.31344982100097,0.492939905573525,11094,736.52155433497,26.3021882927523,1.72378932962692,617,148.070928949608,0.129703594702544,0.0305649265786414,5468,601.031613145266,26.5050896752303,2.83282339710779,1037,209.219979925436,28.8055555555556,4.77884465484239,1660,328.0060975043,29.7651066881836,5.82293795714954,916,254.62717843938,16.4246010399857,4.54278831961295,1551,319.079927290953,27.810650887574,5.66890361587776,4372,399.642340099244,78.7889709857632,6.8200609696496,28.2876329043089,4.68847801804072,1011,203.894580604782,30.0318640467339,5.15094787106907,1131,229.847775712535
county,0500000US55129,"Washburn County, Wisconsin",55,129,0.4309,0.0124,75714,5934,28,15.8113883008419,3.10421286031042,1.73765674488279,56,31.8119474411737,5.99571734475375,3.35754648446225,185,49,2.55102040816327,0.672635736875339,1798,165.178691119648,24.7931605074462,2.19106133287083,60,24.0416305603426,0.0907715582450832,0.0361085603294712,1266,151.377012785958,41.878928217003,4.75192576091593,203,68.5273667960473,44.8123620309051,12.7702327971501,407,100.722390757964,45.7817772778403,10.8553938105964,190,61.6035713250458,21.3723284589426,6.76199139276934,385,99.1009586230123,43.3070866141732,10.716676916959,482,93,55.1487414187643,9.84463803759878,41.9953596287703,12.7155746658678,181,63.8748776906853,23.4192037470726,7.97905260326303,100,37.2290209379726
county,0500000US55131,"Washington County, Wisconsin",55,131,0.3966,0.01,121032,5232,247,123.822453537313,2.96198584962226,1.48102849848978,311,163.734541255045,2.83036039315617,1.48129693056041,562,167,0.998596279251586,0.296676363480786,12351,886.305252156389,21.9460189413458,1.5694144807193,362,146.986393928146,0.0546662639685896,0.0221238386554079,4345,625.923317987116,14.9899951700821,2.13467146459209,991,261.308247095265,19.2614188532556,4.76041126720595,1669,381.493119204003,20.3016664639338,4.58253813313814,683,222.831775112976,8.30799172850018,2.69396245912544,1485,362.458273460546,18.0634959250699,4.36069732111451,6075,538.013010995087,74.4029393753827,5.9995675852176,18.6606618366947,4.72300510127107,953,256.67294364619,18.5336048879837,4.25372911613607,1092,268.108187118559
county,0500000US55133,"Waukesha County, Wisconsin",55,133,0.442,0.0069,144494,3093,611,224.008928393491,2.45194429953048,0.898056211670058,926,245.265162630162,2.84520371166964,0.747935977989609,1653,275,0.997387364013202,0.165885387537469,39217,1509.64929702233,23.6627587746556,0.906354935847811,1192,280.529855808611,0.0585605502333579,0.0137338626067662,10823,944.176890206491,12.7333905902561,1.10039813775148,2053,361.801050302511,13.5315054046929,2.25302013134109,3554,533.902612842455,14.375278081139,2.14535259301575,1896,395.849718959102,7.66897221211018,1.59570288592904,3336,522.022987999571,13.4935080694091,2.0987074589921,18310,778.004498701646,74.673735725938,2.87183020289576,13.7305188400079,2.30537952048282,2088,370.809924354783,12.622125128952,2.00094188632076,2080,344.769488209151
county,0500000US55135,"Waupaca County, Wisconsin",55,135,0.4395,0.0396,80088,7623,130,56.3648826841678,4.26509186351706,1.8394477597872,234,90.4322951162913,7.08876098152075,2.65868514989736,391,102,1.74904942965779,0.45556467052766,5132,434.701046697613,22.9568329232834,1.91568053796844,319,96.8762096698669,0.125838264299803,0.037390065572883,3548,461.198438852518,35.2228730269036,4.39067046368605,568,144.85164824744,32.2178105501985,7.07494526838669,1100,240.977177342586,37.9572118702554,8.11059190568559,486,138.877643989232,16.7701863354037,4.72321164689814,868,184.512872179694,29.951690821256,6.20030838514347,2131,295.12878544798,75.2471751412429,9.72450861776294,32.3712507074137,7.09117709870846,572,145.598763731015,27.5550536420102,6.90330426442039,488,137.589970564718
county,0500000US55137,"Waushara County, Wisconsin",55,137,0.4388,0.0168,82235,6747,158,43.1856457633784,11.8086696562033,3.18945227155084,149,47.5289385532646,10.5225988700565,3.24558473550113,257,55,2.53002559558968,0.539502203464387,2459,204.509168498627,24.2075211655838,1.96495039161093,191,46.7546789102438,0.175390266299357,0.0412933573004109,1598,169.475661969499,36.5758754863813,3.75150931738752,329,69.2026011071838,40.2692778457772,6.5002520105618,535,92.233399590387,40.530303030303,6.78780568767155,338,75.4917214004291,25.6060606060606,5.62231801633046,505,90.8350152749478,38.2575757575758,6.70109993764109,846,105.494075663044,66.09375,7.77409348427665,39.6786155747837,6.55279340637304,321,68.622153857191,24.9061326658323,5.10780096236399,199,47.6445169982864
county,0500000US55139,"Winnebago County, Wisconsin",55,139,0.4217,0.0087,91377,2676,490,202.94334184693,4.37343805783649,1.80661581699006,796,221.095002204935,6.85379714138109,1.86142968629307,1463,279,2.03355434163157,0.387604800679593,17479,965.495209724005,24.2956229237035,1.33366330667835,1217,254.950975679639,0.137732005432322,0.0282529903403501,11046,895.789037664561,32.6225634967513,2.55813542496813,1985,362.9545426083,29.8855766335441,4.75429097509694,3646,544.698081509381,33.0193805470024,4.81473541125587,2214,458.265207058096,20.0507154500996,4.0986832390973,3332,527.446679769624,30.1756928092737,4.67489538356888,8045,670.437170807228,73.4032846715328,5.58975629002501,28.9441562404638,4.82465234162297,1897,360.366480128216,27.1965396052987,4.6425024760551,2012,382.592472482144
county,0500000US55141,"Wood County, Wisconsin",55,141,0.4442,0.0166,77878,6985,138,85.4400374531753,2.7451760493336,1.69507896195509,360,111.081051489442,6.87810470003821,2.0468807947124,1453,301,4.55671590303258,0.942403354235871,7015,589.624456751923,21.9995609496033,1.83052483587804,419,106.075444849409,0.107215967246674,0.0265874126666742,6039,625.812272171136,38.671875,3.82524285265958,967,184.312235079498,35.4472140762463,5.42444540938224,2151,361.153706889463,44.2319555829735,6.94234957820255,963,219.583697026897,19.8025909932141,4.35824017680742,1837,329.883312703144,37.7750359860169,6.39857814262992,3744,451.735542104006,77.4193548387097,8.11484966696329,37.8835978835979,6.80126579178931,1074,231.982757979984,31.5063997374467,6.25373055654513,960,217.301633680007
